{
    "batch_size": 64,
    "block_size": 256,
    "max_iters": 1000,
    "eval_interval": 50,
    "learning_rate": 0.0003,
    "eval_iters": 200,
    "n_embd": 384,
    "n_head": 3,
    "n_layer": 3,
    "dropout": 0.2,
    "n_hidden_layers": 1,
    "hidden_size": 256,
    "original_params_million": 5.468993,
    "modded_params_million": 6.061121,
    "train_loss": [
        4.2451276779174805,
        2.5657660961151123,
        2.4688334465026855,
        2.431173086166382,
        2.3794703483581543,
        2.295682191848755,
        2.1084656715393066,
        1.949294090270996,
        1.8438382148742676,
        1.772975206375122,
        1.7124238014221191,
        1.665346384048462,
        1.6235219240188599,
        1.599690556526184,
        1.5733981132507324,
        1.5522511005401611,
        1.5255731344223022,
        1.5126259326934814,
        1.492669701576233,
        1.4765422344207764,
        1.4602361917495728
    ],
    "val_loss": [
        4.2424750328063965,
        2.5680902004241943,
        2.487558364868164,
        2.449549674987793,
        2.4100208282470703,
        2.3366336822509766,
        2.173046350479126,
        2.056918144226074,
        1.973517656326294,
        1.9224152565002441,
        1.8755505084991455,
        1.8352992534637451,
        1.8079818487167358,
        1.7779748439788818,
        1.7637684345245361,
        1.7465265989303589,
        1.732414960861206,
        1.7136033773422241,
        1.6992120742797852,
        1.68744695186615,
        1.669834017753601
    ],
    "modded_train_loss": [
        4.186138153076172,
        2.544675350189209,
        2.453860282897949,
        2.34641170501709,
        2.1236302852630615,
        1.9783592224121094,
        1.8694530725479126,
        1.7827736139297485,
        1.7152196168899536,
        1.66947603225708,
        1.6306151151657104,
        1.5936918258666992,
        1.5677478313446045,
        1.5484615564346313,
        1.526943564414978,
        1.49860417842865,
        1.4790517091751099,
        1.4701728820800781,
        1.4480044841766357,
        1.4321147203445435,
        1.4220097064971924
    ],
    "modded_val_loss": [
        4.184615135192871,
        2.545416831970215,
        2.471693515777588,
        2.3651952743530273,
        2.168435573577881,
        2.0628600120544434,
        1.9896305799484253,
        1.9337141513824463,
        1.8824412822723389,
        1.8419544696807861,
        1.8109138011932373,
        1.7820552587509155,
        1.7615723609924316,
        1.7323118448257446,
        1.7251449823379517,
        1.6968165636062622,
        1.683043360710144,
        1.6852221488952637,
        1.654652714729309,
        1.650793433189392,
        1.635817289352417
    ],
    "epochs": [
        0,
        50,
        100,
        150,
        200,
        250,
        300,
        350,
        400,
        450,
        500,
        550,
        600,
        650,
        700,
        750,
        800,
        850,
        900,
        950,
        999
    ]
}